_TYPE_,_FREQ_,ret_Mean,beta_Mean,btm_Mean,size_Mean,roa_Mean,loss_Mean,beta_lag_Mean,btm_lag_Mean,size_lag_Mean,ret_Median,beta_Median,btm_Median,size_Median,roa_Median,loss_Median,beta_lag_Median,btm_lag_Median,size_lag_Median,ret_StdDev,beta_StdDev,btm_StdDev,size_StdDev,roa_StdDev,loss_StdDev,beta_lag_StdDev,btm_lag_StdDev,size_lag_StdDev,ret_Min,beta_Min,btm_Min,size_Min,roa_Min,loss_Min,beta_lag_Min,btm_lag_Min,size_lag_Min,ret_Max,beta_Max,btm_Max,size_Max,roa_Max,loss_Max,beta_lag_Max,btm_lag_Max,size_lag_Max,ret_P25,beta_P25,btm_P25,size_P25,roa_P25,loss_P25,beta_lag_P25,btm_lag_P25,size_lag_P25,ret_P75,beta_P75,btm_P75,size_P75,roa_P75,loss_P75,beta_lag_P75,btm_lag_P75,size_lag_P75,ret_N,beta_N,btm_N,size_N,roa_N,loss_N,beta_lag_N,btm_lag_N,size_lag_N
0,7954,0.2604488422,1.2375792799,0.6804426032,6.6015286991,-0.018980839,0.2833794317,1.2168686547,0.7900478131,6.4225123358,0.1955681969,1.1586196902,0.5502829523,6.608893481,0.0218990998,0,1.1419455207,0.619108906,6.4013203387,0.5033419184,0.7760219091,0.6392573307,2.1633024307,0.2078274144,0.4506673539,0.7424094126,0.7474018115,2.1417279267,-0.71355769,-1.800427503,-0.880777586,0.9142887292,-1.225752388,0,-1.718013512,-0.722440467,0.9214772586,2.6578246458,3.6887418412,4.2853005382,11.460783811,0.3631471852,1,3.5570584545,4.400389066,11.390171976,-0.019136167,0.7024587463,0.2954535361,5.0746145089,-0.008864101,0,0.6991556154,0.3354804,4.890002602,0.4525316576,1.6889915265,0.9035505062,8.1142240697,0.0612267722,1,1.6390804588,1.0249780232,7.9164729107,7954,7954,7954,7954,7954,7954,7954,7954,7954
