_TYPE_,_FREQ_,ret_Mean,beta_Mean,btm_Mean,size_Mean,roa_Mean,loss_Mean,beta_lag_Mean,btm_lag_Mean,size_lag_Mean,ret_Median,beta_Median,btm_Median,size_Median,roa_Median,loss_Median,beta_lag_Median,btm_lag_Median,size_lag_Median,ret_StdDev,beta_StdDev,btm_StdDev,size_StdDev,roa_StdDev,loss_StdDev,beta_lag_StdDev,btm_lag_StdDev,size_lag_StdDev,ret_Min,beta_Min,btm_Min,size_Min,roa_Min,loss_Min,beta_lag_Min,btm_lag_Min,size_lag_Min,ret_Max,beta_Max,btm_Max,size_Max,roa_Max,loss_Max,beta_lag_Max,btm_lag_Max,size_lag_Max,ret_P25,beta_P25,btm_P25,size_P25,roa_P25,loss_P25,beta_lag_P25,btm_lag_P25,size_lag_P25,ret_P75,beta_P75,btm_P75,size_P75,roa_P75,loss_P75,beta_lag_P75,btm_lag_P75,size_lag_P75,ret_N,beta_N,btm_N,size_N,roa_N,loss_N,beta_lag_N,btm_lag_N,size_lag_N
0,8359,0.2599732148,1.2345750363,0.6717551595,6.6053320351,-0.017132342,0.2828089484,1.2164122021,0.7792866092,6.4257553963,0.1946802837,1.1555662411,0.5386762105,6.6172215711,0.023013022,0,1.1419347745,0.6110005974,6.4026664185,0.500471369,0.7771384103,0.6303898907,2.165616148,0.2049424662,0.4503912906,0.7425199969,0.7362959196,2.1468530533,-0.71355769,-1.699499711,-0.907471659,0.9142887292,-1.225752388,0,-1.520897857,-0.745901337,0.9433240176,2.5946665855,3.7008826709,4.2853005382,11.44064789,0.3625789357,1,3.5830891462,4.400389066,11.382224771,-0.018726661,0.7017557755,0.2922744277,5.0829661882,-0.008629091,0,0.6981701267,0.3312709323,4.89175806,0.4492580916,1.6829991307,0.8957914266,8.1148755987,0.0623953058,1,1.6402664926,1.0113900488,7.9239480827,8359,8359,8359,8359,8359,8359,8359,8359,8359
