largeFirm,_TYPE_,_FREQ_,ret_Mean,beta_Mean,btm_Mean,size_Mean,beta_lag_Mean,btm_lag_Mean,size_lag_Mean,ret_Median,beta_Median,btm_Median,size_Median,beta_lag_Median,btm_lag_Median,size_lag_Median,ret_StdDev,beta_StdDev,btm_StdDev,size_StdDev,beta_lag_StdDev,btm_lag_StdDev,size_lag_StdDev,ret_N,beta_N,btm_N,size_N,beta_lag_N,btm_lag_N,size_lag_N
0,0,20188,0.0468286897,1.3003274063,0.8676643673,4.5967755219,1.2929574699,0.8312120206,4.6914495666,-0.033193205,1.1602509169,0.6880976063,4.7139535007,1.1250485152,0.6522985626,4.7808017445,0.6313146803,1.027674223,0.9495820877,1.3111883829,1.0592559518,0.8351060251,1.2740931553,20188,20188,20188,20188,20188,20188,20188
1,0,20125,0.2014819029,1.2703682591,0.5198551481,7.9615245132,1.278437299,0.5201438302,7.8619451017,0.1395705114,1.1612546148,0.4407017933,7.7482286986,1.1538994841,0.4388153555,7.6632103697,0.5200801747,0.7743069154,0.4315492073,1.410062302,0.8220479843,0.4470240752,1.4575858077,20125,20125,20125,20125,20125,20125,20125
