largeFirm,_TYPE_,_FREQ_,ret_Mean,beta_Mean,btm_Mean,size_Mean,roa_Mean,loss_Mean,beta_lag_Mean,btm_lag_Mean,size_lag_Mean,ret_Median,beta_Median,btm_Median,size_Median,roa_Median,loss_Median,beta_lag_Median,btm_lag_Median,size_lag_Median,ret_StdDev,beta_StdDev,btm_StdDev,size_StdDev,roa_StdDev,loss_StdDev,beta_lag_StdDev,btm_lag_StdDev,size_lag_StdDev,ret_N,beta_N,btm_N,size_N,roa_N,loss_N,beta_lag_N,btm_lag_N,size_lag_N
0,0,3985,0.2111148539,1.2511401175,0.8505807881,4.9059927064,-0.073450903,0.4165621079,1.2184007986,0.9961841384,4.778177954,0.1360366624,1.1528575515,0.7140579824,5.0889301367,0.0069028747,0,1.1192883903,0.8005849691,4.9134795456,0.5675013,0.8788347474,0.7771926587,1.3329706449,0.2573472718,0.4930508308,0.8393518461,0.8971888107,1.3242920521,3985,3985,3985,3985,3985,3985,3985,3985,3985
1,0,3969,0.3099817077,1.2239637752,0.5096185502,8.3038998079,0.0357088069,0.1496598639,1.2153303343,0.5830805023,8.0734754276,0.2422749658,1.1664052346,0.4307342087,8.1053780142,0.0394628373,0,1.1595009875,0.4803973339,7.905323648,0.4237179129,0.6566316295,0.3928452378,1.3453151023,0.1187579054,0.3567826525,0.630355316,0.4752874467,1.411043017,3969,3969,3969,3969,3969,3969,3969,3969,3969
