Label1,cValue1,nValue1,Label2,cValue2,nValue2
Percent Concordant,81.7,81.743802,Somers' D,0.637,0.636706
Percent Discordant,18.1,18.073189,Gamma,0.638,0.637874
Percent Tied,0.2,0.183009,Tau-a,0.268,0.267514
Pairs,341276493,341276493,c,0.818,0.818353
